Auto,Verbrauch,Zylinder,PS,Verbrauch_pro_PS
Ford Pantera L,15.8,8,264,0.05984848484848485
Ferrari Dino,19.7,6,175,0.11257142857142857
Maserati Bora,15,8,335,0.04477611940298507
Volvo 142E,21.4,4,109,0.19633027522935778
